Area_m²,Location,Floor,Price_€,Newly_built
54.0,Veruda,3,159900,0
81.49,Centar,0,192000,0
110.49,Stoja,4,343000,0
42.0,Šijana,3,105000,1
40.0,Centar,0,124500,0
83.0,Centar,0,220000,0
49.0,Monvidal,1,113000,1
58.0,Šijana,4,150000,1
53.15,Šijana,5,125000,0
80.0,Šijana,4,218000,0
77.0,Šijana,1,245000,0
59.0,Centar,1,214250,0
63.65,Veruda,1,200000,0
52.0,Centar,1,172908,0
49.5,Centar,4,156000,0
34.0,Veruda,0,151500,0
87.0,Centar,3,260000,0
63.0,Štinjan,0,149000,0
51.0,Centar,0,120000,0
84.49,Veruda,2,7953223,0
102.0,Veli vrh,2,265000,0
74.88,Štinjan,1,209900,1
59.43,Centar,2,208000,1
68.0,Monvidal,2,180000,1
88.93,Vidikovac,0,239000,0
58.11,Štinjan,0,203385,1
93.0,Centar,2,538000,0
38.07,Centar,0,125000,0
59.19,Valdebek,1,154000,1
53.16,Šijana,4,115000,0
69.94,Stoja,2,250000,0
57.0,Kaštanjer,1,120000,0
128.0,Valdebek,0,294000,0
61.87,Centar,1,196930,0
62.0,Stoja,1,123600,0
160.0,Centar,3,199000,0
66.08,Veli vrh,1,176103,1
65.22,Veruda,3,166000,0
70.13,Centar,1,224000,0
42.0,Nova Veruda,1,126000,0
64.0,Centar,1,144000,0
61.89,Centar,1,198400,0
77.0,Centar,3,235000,0
79.9,Centar,2,210000,0
48.0,Centar,0,199000,0
103.27,Šijana,2,228660,1
87.71,Veruda,8,195000,0
43.0,Centar,0,134500,0
69.64,Stoja,2,250000,0
95.0,Monte Zaro,0,237000,0
58.0,Centar,1,185600,0
58.48,Centar,1,140000,0
70.0,Centar,3,155000,0
54.86,Valdebek,0,142700,1
31.11,Veruda,0,152500,0
93.31,Centar,3,260000,0
54.07,Stoja,4,155000,0
129.0,Centar,3,403000,0
53.17,Vidikovac,5,144000,0
63.0,Štinjan,1,189000,0
53.97,Veruda,3,159900,0
159.89,Štinjan,2,399000,1
69.13,Vidikovac,5,168000,0
54.0,Kaštanjer,1,125000,0
70.13,Centar,3,223388,1
46.41,Šijana,1,122570,1
43.0,Centar,2,73000,0
53.37,Vidikovac,7,149500,0
53.48,Nova Veruda,1,300825,0
59.48,Monte Magno,0,166000,0
64.13,Centar,4,139000,1
44.0,Monvidal,1,105600,1
50.0,Monvidal,0,157500,0
87.0,Veruda,8,190000,0
62.0,Centar,1,2223510,1
93.0,Centar,2,279000,0
97.45,Šijana,2,224540,1
69.62,Monte Magno,0,298000,0
109.13,Centar,5,315400,1
66.05,Šijana,2,171600,0
53.16,Šijana,5,117000,0
64.82,Centar,1,136000,0
70.0,Centar,1,223000,0
37.01,Veruda,3,98000,0
95.0,Centar,2,240000,1
38.07,Centar,0,124500,0
92.0,Centar,3,187000,0
62.5,Veruda,1,165000,0
79.0,Monteghiro,1,173000,0
61.0,Veli vrh,0,159000,1
41.0,Nova Veruda,1,150000,1
56.0,Šijana,3,155000,1
42.0,Verudela,1,147000,1
95.8,Valdebek,2,240000,0
56.0,Veruda,3,155000,0
66.0,Štinjan,1,190000,0
107.26,Veli vrh,2,290000,1
80.0,Šijana,4,218000,0
54.0,Veruda,1,192500,0
62.0,Veruda,0,138000,0
60.0,Vidikovac,1,163000,0
45.0,Šijana,0,140000,1
89.28,Centar,3,223200,0
37.95,Veruda,1,110000,0
88.93,Vidikovac,0,239000,0
106.0,Centar,3,295600,0
135.44,Centar,0,290000,0
62.0,Centar,1,150000,0
50.66,Vidikovac,5,145000,0
89.82,Centar,1,247000,0
38.5,Monte Zaro,3,114000,0
55.0,Centar,2,192000,1
100.59,Šijana,2,218360,1
64.13,Kaštanjer,4,139000,0
97.0,Vidikovac,3,258500,0
70.0,Centar,1,205000,0
39.0,Kaštanjer,2,90000,0
57.84,Šijana,1,140080,1
70.0,Centar,2,205175,0
127.96,Veli vrh,2,245000,1
22.0,Centar,4,119000,1
54.0,Šijana,5,120000,0
64.0,Centar,1,166000,0
58.48,Centar,1,135000,0
75.0,Stoja,1,400000,0
51.59,Nova Veruda,1,290193,0
28.0,Centar,5,99600,0
56.0,Šijana,2,135000,1
128.0,Veli vrh,2,239000,0
64.0,Centar,1,203900,0
88.0,Veli vrh,0,228000,0
66.0,Štinjan,1,193000,0
55.0,Centar,1,205000,0
96.0,Centar,4,347600,1
63.58,Veli vrh,1,169440,1
95.0,Monte Magno,2,214000,1
96.0,Centar,1,347600,1
54.0,Centar,2,153748,1
68.6,Monvidal,2,182000,0
55.0,Valdebek,1,143000,0
76.0,Centar,2,280000,1
65.5,Štinjan,2,295000,1
56.0,Stoja,1,182500,1
95.24,Veli vrh,2,209000,0
127.96,Veli vrh,2,239000,0
108.0,Centar,0,460000,0
74.21,Centar,1,229000,0
51.0,Centar,0,135000,0
82.0,Šijana,0,180000,0
80.53,Centar,0,135000,0
57.98,Centar,3,173940,0
55.0,Centar,2,136800,0
63.89,Centar,1,203512,1
87.71,Veruda,8,190000,0
54.0,Šijana,5,117500,0
70.46,Centar,3,160000,0
120.0,Monte Zaro,1,247500,0
106.3,Valdebek,2,260000,1
53.65,Vidikovac,6,150000,0
54.67,Veruda,1,192000,1
42.0,Centar,0,130200,0
54.29,Centar,0,268000,1
34.0,Veruda,1,152500,0
45.62,Šijana,2,122570,1
63.28,Štinjan,1,189000,0
55.0,Centar,4,189900,1
75.0,Valdebek,1,210000,1
54.75,Valdebek,1,145908,1
73.28,Veruda,3,219000,0
61.89,Centar,3,198400,0
113.0,Centar,0,199000,0
56.0,Šijana,1,185000,1
56.0,Verudela,2,185000,1
48.5,Šijana,0,140000,1
56.0,Centar,1,198000,1
73.0,Centar,2,456250,0
54.98,Valdebek,1,142700,1
166.02,Centar,4,415000,0
95.0,Veli vrh,1,248000,1
93.0,Nova Veruda,1,225000,0
53.65,Vidikovac,6,150000,0
63.89,Centar,1,222180,1
82.01,Centar,2,320000,0
54.29,Veruda,1,206302,1
103.28,Šijana,2,224300,1
66.0,Šijana,2,145000,0
106.21,Valdebek,2,249000,1
53.65,Vidikovac,6,150000,0
85.0,Veli vrh,0,185000,0
100.0,Veli vrh,2,285000,1
49.45,Veruda,4,130000,0
87.34,Valdebek,0,227000,1
113.0,Centar,2,375000,0
130.0,Monte Zaro,2,217000,0
36.0,Stoja,2,82500,0
86.0,Kaštanjer,1,235000,0
121.0,Centar,1,420000,0
106.28,Centar,1,307422,0
67.0,Centar,3,145000,0
58.0,Veruda,2,135000,0
56.0,Veruda,3,221000,1
65.22,Veruda,3,176000,0
57.84,Šijana,1,139400,1
125.0,Štinjan,2,250000,1
51.0,Centar,3,177500,1
52.89,Valdebek,1,143000,1
75.02,Monte Zaro,2,239000,0
95.16,Valdebek,2,230000,0
54.07,Stoja,4,158000,0
76.25,Stoja,3,238600,0
89.28,Centar,1,261900,1
60.0,Veruda,1,185000,0
58.0,Veli vrh,0,157500,1
55.0,Centar,0,168000,1
42.0,Nova Veruda,1,126000,1
68.6,Monvidal,2,175000,0
61.0,Monvidal,2,146000,1
54.19,Monvidal,1,135475,1
49.7,Veruda,1,188860,0
66.0,Veruda,3,165000,0
115.51,Valdebek,2,298300,0
53.04,Veli vrh,1,141351,1
55.0,Veli vrh,0,144000,1
45.0,Kaštanjer,2,105000,1
109.13,Centar,4,271575,1
56.0,Šijana,2,145000,1
54.75,Valdebek,1,145908,1
63.89,Centar,1,204800,0
28.0,Centar,4,97000,0
70.92,Valdebek,2,184000,1
117.0,Sv. Polikarp / Sisplac,3,365000,0
38.07,Centar,0,125000,0
55.0,Valdebek,1,200000,0
70.86,Valdebek,0,219000,0
132.0,Veruda,0,185000,0
66.14,Stoja,1,206000,0
54.0,Centar,2,153692,1
129.0,Valdebek,2,220000,0
120.0,Centar,1,320000,0
48.78,Stoja,1,156096,1
104.47,Veruda,2,480000,1
60.0,Monvidal,3,131000,1
61.0,Centar,3,197540,0
70.92,Valdebek,1,184000,1
57.0,Šijana,0,135000,0
53.0,Gregovica,1,135000,1
60.0,Šijana,1,150000,0
71.0,Centar,1,257900,1
72.44,Valdebek,0,185627,1
43.96,Valdebek,0,119000,0
57.0,Centar,1,250000,0
55.0,Gregovica,1,171187,1
83.0,Centar,3,307000,0
52.0,Centar,0,145000,0
108.0,Veli vrh,3,228500,1
77.0,Kaštanjer,1,194000,0
50.0,Centar,2,135000,0
75.0,Centar,1,156000,0
50.66,Vidikovac,5,145500,0
94.0,Valmade,2,255000,0
117.0,Sv. Polikarp / Sisplac,3,365000,0
59.0,Centar,0,130000,0
32.3,Monvidal,5,110000,0
47.15,Šijana,1,122500,1
47.0,Centar,1,121500,0
72.11,Busoler,1,200000,0
89.61,Veruda,5,200000,0
69.0,Vidikovac,5,168000,0
76.86,Monte Zaro,1,269010,0
41.1,Centar,1,127000,1
138.8,Centar,4,366300,1
103.0,Centar,2,222000,0
85.0,Nova Veruda,1,297000,0
95.24,Veli vrh,2,215000,0
122.72,Šijana,3,296000,0
53.65,Vidikovac,6,147500,0
109.13,Centar,4,272500,0
102.0,Veli vrh,1,265000,0
80.0,Veruda,1,150000,0
51.0,Centar,4,182900,1
108.0,Veli vrh,3,228500,0
72.0,Veruda,5,159000,0
76.0,Monte Magno,1,285000,0
54.0,Veruda,3,159900,0
30.0,Centar,0,100000,0
51.0,Centar,1,283850,0
62.5,Monvidal,1,173000,1
124.95,Monte Zaro,3,130000,0
89.28,Centar,3,222500,0
136.0,Centar,0,290000,0
57.79,Monte Zaro,1,207500,0
95.16,Valdebek,2,209350,1
53.0,Centar,2,148512,1
54.0,Veruda,3,166000,0
105.0,Centar,0,187000,0
56.0,Nova Veruda,3,200000,1
56.5,Veruda,3,159700,0
54.87,Šijana,2,134000,0
53.37,Vidikovac,7,146800,0
38.1,Gregovica,1,127900,0
56.5,Šijana,1,179500,1
96.34,Vidikovac,4,259900,0
76.6,Centar,2,215000,0
64.0,Centar,0,145000,0
69.0,Veruda,1,241500,1
47.4,Šijana,2,126700,1
47.4,Šijana,2,126100,1
51.47,Veruda,1,160000,0
78.0,Kaštanjer,4,145000,0
86.0,Centar,2,320000,0
140.0,Centar,0,275000,0
60.0,Vidikovac,1,171000,0
41.0,Monvidal,3,105000,1
54.91,Veli vrh,1,146335,1
53.5,Vidikovac,5,144000,0
77.0,Šijana,1,245000,0
34.3,Centar,1,120000,0
45.0,Monvidal,4,126000,0
166.0,Centar,4,413099,1
28.0,Vidikovac,5,99600,0
63.13,Kaštanjer,1,145500,0
96.34,Vidikovac,3,258000,1
146.0,Kaštanjer,0,350000,0
77.29,Šijana,1,245000,1
56.0,Šijana,0,135000,0
65.0,Centar,4,389000,1
59.0,Centar,2,214250,1
76.0,Centar,1,277100,1
57.0,Centar,1,138700,0
50.66,Vidikovac,5,145000,0
48.0,Centar,0,130000,0
106.28,Centar,2,264483,0
53.43,Stoja,2,185900,0
53.04,Veli vrh,1,141351,1
76.0,Centar,0,177500,0
54.87,Šijana,2,137400,1
83.0,Centar,2,270000,0
48.53,Šijana,1,126700,0
125.0,Veruda,2,450000,0
108.0,Veli vrh,3,226500,0
114.28,Centar,3,239000,0
58.0,Centar,1,179200,1
85.27,Kaštanjer,2,143000,0
50.16,Monvidal,0,158000,0
91.67,Vidikovac,0,294000,1
62.0,Centar,0,135000,0
66.08,Veli vrh,2,176103,1
54.41,Sv. Polikarp / Sisplac,1,206760,0
106.28,Centar,3,264483,1
134.0,Gregovica,1,270000,0
70.0,Centar,3,223100,0
43.18,Centar,0,135000,0
82.0,Centar,2,320000,0
95.0,Valkane,2,295000,0
98.0,Centar,3,269900,0
54.89,Veli vrh,2,146281,1
42.5,Veruda,3,148000,1
75.91,Štinjan,0,212500,1
55.0,Valdebek,1,137500,1
89.28,Centar,1,222177,1
57.1,Šijana,2,142750,1
122.0,Centar,4,259000,0
82.01,Centar,2,320000,0
128.0,Centar,2,239000,1
66.0,Veruda,3,160000,0
54.55,Šijana,1,136000,1
104.8,Gregovica,2,310000,0
41.0,Centar,0,128000,0
54.0,Centar,1,153692,1
95.3,Vidikovac,0,239000,0
96.0,Vidikovac,3,258500,0
68.77,Centar,3,220800,0
57.0,Šijana,1,185000,1
108.0,Veli vrh,3,229000,0
28.07,Centar,5,99000,0
61.58,Šijana,3,160000,0
68.77,Centar,1,215870,1
55.0,Gregovica,1,171500,1
53.0,Šijana,5,130000,0
54.0,Veruda,4,166000,0
45.0,Centar,2,121500,0
55.0,Šijana,4,132000,1
62.0,Veruda,1,165000,0
83.46,Centar,3,280000,0
123.0,Centar,3,295000,0
63.28,Štinjan,1,195000,0
64.0,Kaštanjer,4,125000,0
67.0,Stoja,1,204000,0
53.17,Vidikovac,5,146000,0
66.14,Stoja,1,202000,0
52.89,Valdebek,1,143000,1
54.47,Veruda,1,206986,0
122.0,Centar,1,255000,0
53.37,Vidikovac,7,150000,0
54.0,Veruda,3,159900,0
28.07,Centar,5,97000,0
57.0,Šijana,0,135000,0
66.14,Stoja,1,202400,0
63.58,Veli vrh,2,169440,1
63.0,Centar,1,178024,1
51.0,Centar,3,286900,1
58.0,Veruda,3,135000,0
95.0,Centar,2,209000,0
46.0,Stoja,1,149500,1
55.0,Gregovica,0,206000,1
95.8,Valdebek,2,210760,1
49.59,Centar,2,148770,1
67.9,Centar,4,145000,0
48.57,Stoja,3,130000,0
80.0,Šijana,4,218000,0
89.0,Centar,1,248920,0
60.0,Vidikovac,1,169000,0
61.0,Veli vrh,2,159000,0
68.6,Monvidal,2,175000,0
85.0,Veli vrh,1,185000,0
70.0,Vidikovac,5,165000,0
57.09,Centar,4,161000,0
34.0,Veruda,0,148000,0
44.0,Kaštanjer,0,110000,1
85.0,Kaštanjer,2,136000,0
49.33,Centar,0,110000,0
56.27,Centar,1,168810,1
61.0,Veli vrh,1,159000,1
57.98,Centar,1,173940,1
62.0,Veruda,0,135000,0
88.0,Veruda,8,196000,0
122.72,Centar,3,296000,0
61.0,Veli vrh,1,159000,1
71.0,Centar,2,257900,1
55.0,Gregovica,2,180500,1
69.0,Centar,2,241500,1
166.0,Centar,3,250000,0
44.84,Kaštanjer,0,159000,0
93.0,Centar,2,210000,0
110.49,Stoja,4,341000,0
62.1,Valdebek,2,170000,1
120.0,Kaštanjer,2,310000,1
57.0,Šijana,1,190000,0
89.28,Centar,2,222500,0
98.62,Veli vrh,1,296900,1
48.0,Centar,2,135000,0
62.0,Centar,1,165000,0
185.0,Centar,3,404000,0
103.06,Šijana,2,228660,1
52.5,Centar,1,162000,0
120.3,Valdebek,2,301000,1
49.25,Centar,1,147750,1
127.96,Veli vrh,2,239000,0
56.27,Centar,3,168810,1
90.0,Centar,2,292000,0
110.75,Centar,2,290000,0
55.0,Centar,2,180000,1
66.0,Centar,1,180000,0
75.49,Šijana,0,207000,0
102.0,Veli vrh,0,265000,1
51.96,Vidikovac,1,140000,0
95.8,Valdebek,2,240000,0
43.0,Monvidal,2,107500,0
61.88,Centar,1,166000,0
69.13,Vidikovac,5,168000,0
61.89,Centar,3,197141,1
180.79,Centar,3,395000,0
53.0,Centar,1,148512,1
115.0,Veruda,1,329000,0
59.7,Centar,1,209000,1
59.43,Centar,1,208005,0
84.0,Centar,4,156000,0
41.48,Valdebek,0,165000,0
110.0,Centar,2,363000,1
58.48,Centar,1,135000,0
52.5,Centar,1,156000,0
107.76,Štinjan,2,335500,1
83.0,Centar,2,278000,0
95.3,Vidikovac,0,237000,0
100.38,Veruda,3,381444,0
89.88,Vidikovac,0,264000,1
58.0,Centar,0,110000,0
115.0,Valmade,1,265000,0
130.0,Centar,1,469770,1
49.59,Centar,3,148770,1
86.0,Centar,4,177000,0
74.61,Centar,1,175000,0
69.0,Monvidal,2,170000,1
65.0,Vidikovac,2,159000,0
54.0,Veruda,3,159900,0
60.0,Centar,0,140000,0
115.2,Valdebek,2,295200,1
20.0,Monte Zaro,6,120000,0
59.24,Stoja,3,220000,0
75.0,Centar,3,172500,0
97.0,Centar,2,218000,0
107.0,Veli vrh,2,290000,0
67.0,Centar,3,155000,0
74.61,Centar,1,185000,0
70.13,Centar,3,224000,0
93.0,Centar,2,279000,0
57.1,Centar,4,160000,0
98.0,Monte Zaro,2,240000,0
63.28,Štinjan,1,197000,0
70.13,Centar,1,223402,1
65.36,Stoja,1,209152,0
51.61,Veruda,0,290306,0
79.8,Šijana,2,150000,0
53.0,Centar,2,148512,1
54.19,Monvidal,1,135475,0
56.1,Vidikovac,0,135000,0
50.16,Sv. Polikarp / Sisplac,0,190608,1
60.0,Veli vrh,0,157000,1
28.0,Monte Zaro,5,96750,0
105.03,Centar,3,397000,0
69.13,Vidikovac,5,168000,0
66.06,Valmade,0,170000,0
61.0,Veli vrh,2,159000,1
61.0,Veli vrh,0,159000,1
81.49,Šijana,0,190000,0
49.5,Centar,4,156000,0
37.0,Veruda,3,98500,0
102.0,Veli vrh,1,265000,0
88.0,Šijana,1,265000,0
55.0,Gregovica,0,180500,0
48.53,Šijana,1,123000,0
70.13,Centar,1,252960,1
55.0,Šijana,0,145000,0
54.0,Centar,1,153748,1
55.0,Stoja,1,192000,0
124.95,Monte Zaro,2,120000,0
52.0,Vidikovac,1,145000,0
93.0,Centar,3,245814,1
57.36,Štinjan,2,200760,0
129.0,Centar,3,403000,0
37.01,Veruda,3,98500,0
130.0,Centar,4,469770,1
140.0,Centar,4,799000,0
72.0,Stoja,4,169000,0
47.86,Sv. Polikarp / Sisplac,0,192500,0
28.0,Centar,5,97500,0
106.28,Centar,2,311000,1
57.0,Centar,4,160000,0
46.0,Monvidal,3,117000,1
62.0,Valdebek,0,162000,1
40.0,Centar,3,124000,0
138.8,Centar,4,345410,1
100.28,Valdebek,2,260000,0
68.48,Centar,3,155800,0
28.0,Centar,5,98000,0
65.45,Vidikovac,2,159000,0
53.16,Šijana,5,105000,0
62.0,Centar,1,216900,1
40.0,Centar,3,122500,0
76.0,Monte Magno,1,280000,0
56.5,Šijana,1,170000,1
71.0,Stoja,1,258000,0
145.0,Veruda,0,250000,0
58.0,Nova Veruda,3,203000,1
64.04,Centar,1,166500,1
41.0,Nova Veruda,2,150000,0
62.0,Monvidal,2,179000,1
39.0,Šijana,0,95000,0
53.0,Centar,1,148512,1
58.39,Centar,3,145200,0
66.0,Štinjan,1,196000,1
85.5,Centar,1,275000,1
120.0,Stoja,2,200000,0
46.0,Centar,1,121500,0
57.0,Šijana,1,192000,1
57.96,Centar,2,173880,1
55.0,Centar,5,140000,0
48.0,Kaštanjer,2,115000,1
117.5,Veruda,2,463000,1
59.0,Centar,4,214250,1
38.07,Centar,0,124500,0
51.12,Centar,0,145000,0
66.0,Gregovica,0,198000,1
49.0,Stoja,1,158000,0
88.0,Veli vrh,0,228000,1
102.0,Kaštanjer,1,330000,0
111.19,Centar,2,160000,0
52.5,Centar,1,156000,0
57.79,Monte Zaro,1,206000,0
68.48,Centar,3,156000,0
60.0,Centar,1,310000,0
80.0,Centar,3,230000,1
28.07,Centar,5,99000,0
62.0,Centar,0,145000,1
58.11,Sv. Polikarp / Sisplac,0,220818,1
52.89,Valdebek,2,143000,1
96.34,Vidikovac,3,259000,0
66.0,Centar,5,188000,0
75.0,Stoja,1,400000,1
141.93,Centar,2,250000,0
59.39,Vidikovac,1,172000,0
166.0,Centar,2,250000,0
115.0,Valmade,1,265000,0
53.0,Veli vrh,0,138000,1
48.57,Stoja,3,135000,0
52.0,Nova Veruda,5,234000,1
55.0,Stoja,1,192000,1
84.0,Šijana,0,135000,0
28.0,Centar,5,97500,0
28.07,Centar,5,98000,0
28.07,Centar,5,98000,0
58.0,Centar,1,212550,1
54.0,Veruda,3,159900,0
59.24,Valdebek,0,154000,1
58.96,Centar,2,206300,1
58.0,Gregovica,1,174000,1
98.62,Veli vrh,2,296900,1
97.23,Centar,2,280500,0
37.86,Kaštanjer,6,95000,0
122.72,Centar,3,295000,0
34.0,Centar,0,147000,0
31.11,Veruda,0,153000,0
32.0,Monvidal,5,105000,0
111.56,Gregovica,1,281000,0
117.0,Centar,3,364000,0
31.11,Veruda,0,149000,0
63.0,Centar,2,177548,1
32.0,Veruda,0,150000,0
118.0,Centar,2,260000,1
54.0,Stoja,4,155000,0
51.12,Kaštanjer,0,146000,0
102.0,Veli vrh,0,265000,1
90.0,Valdebek,0,399000,1
113.6,Centar,2,315900,1
53.04,Veli vrh,2,141351,1
122.0,Centar,2,259900,1
41.0,Veli vrh,1,127000,0
115.0,Centar,3,250000,0
75.0,Busoler,0,240000,0
107.76,Štinjan,2,330000,1
34.0,Centar,1,120000,0
63.0,Veruda,0,99500,0
74.0,Centar,2,215000,0
147.0,Kaštanjer,0,350000,0
55.0,Veruda,1,209000,0
42.0,Valdebek,0,160000,0
48.0,Štinjan,2,137500,0
118.98,Šijana,1,355000,0
67.39,Veli vrh,3,180000,0
57.96,Centar,3,173880,1
70.0,Monvidal,0,175000,1
57.09,Centar,4,155000,0
125.0,Centar,3,130000,0
55.0,Veli vrh,1,144000,0
66.05,Šijana,1,186500,1
50.16,Monvidal,0,159000,1
70.73,Veli vrh,1,166000,0
138.0,Vidikovac,0,180000,0
49.0,Stoja,1,158000,1
61.0,Veli vrh,2,159000,1
105.0,Centar,3,367500,1
81.49,Šijana,0,190000,0
53.0,Centar,2,148512,1
53.0,Veli vrh,0,138000,0
43.18,Centar,0,140500,0
115.0,Centar,1,220000,0
75.0,Centar,0,175000,0
54.88,Valdebek,1,142700,1
28.0,Centar,5,97000,0
65.0,Šijana,8,120000,0
43.0,Kaštanjer,2,105000,0
67.0,Gregovica,0,209000,1
56.27,Centar,2,168810,1
40.0,Centar,3,124000,0
46.8,Centar,2,122000,0
70.13,Centar,1,249500,1
85.0,Centar,4,156000,0
59.64,Stoja,2,190848,1
137.0,Veruda,1,165000,0
48.0,Centar,1,125500,0
53.04,Veli vrh,2,141351,1
47.0,Centar,1,125500,1
106.28,Centar,1,265000,0
95.0,Štinjan,1,257500,0
54.89,Veli vrh,1,146281,1
96.99,Centar,4,241364,1
136.0,Centar,1,290000,0
84.0,Centar,4,156000,0
55.0,Gregovica,0,171187,1
70.13,Centar,2,224000,0
55.0,Nova Veruda,5,247000,0
55.0,Gregovica,0,171187,1
116.0,Valdebek,2,290000,1
53.78,Sv. Polikarp / Sisplac,1,204400,0
87.71,Veruda,8,190000,0
45.0,Centar,3,130000,0
106.0,Centar,2,296400,1
90.0,Centar,0,230000,0
108.55,Vidikovac,1,354000,1
50.0,Centar,0,299500,0
30.0,Centar,0,96000,1
91.0,Veruda,4,311500,0
70.0,Veruda,1,185000,1
61.88,Veruda,0,135000,0
59.0,Vidikovac,2,150000,0
43.18,Centar,0,145000,0
85.27,Centar,2,143000,0
83.06,Kaštanjer,2,260000,0
55.0,Gregovica,1,180500,0
46.0,Centar,2,123000,1
70.0,Monvidal,2,175000,0
120.0,Centar,2,239000,0
130.0,Centar,3,469800,1
54.87,Šijana,2,138000,1
43.0,Kaštanjer,0,110000,0
95.24,Veli vrh,2,214300,0
76.0,Centar,1,175000,0
43.0,Centar,0,140000,0
50.0,Monvidal,1,130000,0
61.0,Veli vrh,1,159000,1
64.0,Štinjan,0,145000,0
110.49,Stoja,3,343000,0
66.0,Štinjan,1,193000,0
95.3,Monte Zaro,0,230000,0
84.5,Nova Veruda,1,194000,0
48.5,Šijana,0,140000,1
54.91,Veli vrh,2,146335,1
31.0,Veruda,0,149000,1
57.0,Centar,4,160000,0
100.0,Centar,2,212000,0
111.36,Šijana,2,310000,1
43.18,Centar,0,135000,0
106.0,Centar,1,296310,0
66.0,Centar,0,199000,1
54.35,Šijana,1,135875,1
103.0,Centar,2,222000,0
84.0,Valdebek,2,230000,0
60.0,Veli vrh,0,186900,1
45.62,Šijana,2,122000,1
122.7,Centar,3,285000,0
64.0,Centar,1,86000,0
166.02,Centar,5,468700,1
57.1,Centar,4,155000,0
115.0,Centar,3,250000,0
50.73,Centar,2,177600,1
64.0,Veruda,0,180000,1
52.0,Centar,1,172908,0
52.14,Centar,0,135000,0
71.54,Centar,1,250400,1
109.0,Šijana,1,172000,0
40.0,Centar,0,124500,0
76.0,Monte Magno,1,280000,0
102.0,Veli vrh,0,265000,0
70.92,Valdebek,1,184000,1
57.4,Šijana,1,185000,1
63.28,Štinjan,1,194000,0
56.0,Monvidal,1,168000,1
69.13,Vidikovac,5,175000,0
99.39,Šijana,2,220000,0
115.0,Štinjan,2,355000,1
86.0,Centar,1,264856,1
32.0,Veruda,0,149000,0
87.71,Veruda,8,197200,0
66.0,Centar,2,185024,1
112.0,Štinjan,2,250000,0
55.0,Veruda,1,192500,1
107.26,Veli vrh,2,290500,1
114.28,Centar,3,239000,0
51.54,Valdebek,1,179000,1
43.0,Centar,0,135000,0
69.62,Monte Magno,0,298000,0
51.0,Centar,0,125000,0
125.0,Centar,2,215000,0
61.88,Centar,1,166000,0
94.0,Centar,1,284000,0
132.0,Monte Zaro,2,217000,0
89.88,Vidikovac,0,267000,1
53.0,Veruda,0,208000,0
55.0,Valmade,2,137500,0
102.0,Veli vrh,1,265000,0
54.0,Šijana,5,130000,0
56.5,Šijana,1,165000,1
69.13,Centar,5,168000,0
60.0,Veli vrh,2,157000,1
54.0,Monvidal,3,145000,0
84.54,Centar,1,211350,1
102.0,Veli vrh,1,265000,1
56.5,Šijana,1,141000,1
117.0,Centar,1,159500,0
75.02,Centar,2,239000,0
66.0,Štinjan,1,189000,1
88.0,Monteghiro,2,270000,0
53.16,Šijana,5,125000,0
51.27,Monvidal,1,128000,1
51.27,Centar,1,128000,1
64.0,Centar,1,86000,0
101.0,Centar,2,253000,1
77.0,Centar,4,307000,0
54.47,Sv. Polikarp / Sisplac,2,207000,1
59.0,Veruda,3,155000,0
71.0,Šijana,3,187500,0
60.69,Stoja,2,190000,0
61.0,Centar,2,197550,0
93.15,Šijana,2,216300,1
111.99,Valdebek,2,350000,0
62.18,Šijana,0,150000,0
54.0,Centar,1,134600,0
53.16,Šijana,4,105000,0
53.37,Vidikovac,7,149500,0
57.98,Centar,2,173940,1
89.28,Centar,1,222500,0
42.0,Centar,1,135000,1
196.0,Centar,3,358000,0
50.0,Centar,2,72750,0
44.0,Monvidal,2,103000,0
66.14,Centar,0,159000,0
98.0,Centar,2,240000,0
58.0,Gregovica,1,179900,1
61.0,Nova Veruda,0,220000,1
42.0,Monvidal,1,99000,1
70.0,Stoja,1,250000,0
103.0,Centar,2,222000,0
40.0,Centar,0,125000,0
49.0,Monvidal,2,136000,1
70.5,Centar,2,223000,0
117.22,Stoja,3,365000,0
59.43,Centar,3,208005,0
69.58,Veli vrh,1,173900,1
134.0,Šijana,0,165000,0
199.0,Centar,3,359000,0
42.49,Vidikovac,0,143000,0
59.7,Centar,3,208950,0
129.37,Centar,3,400000,0
67.0,Centar,1,190000,0
66.0,Centar,3,181000,0
65.0,Centar,1,159000,0
122.0,Centar,1,250000,1
54.18,Veruda,0,196800,1
130.0,Centar,2,247000,0
59.0,Centar,0,130000,0
86.02,Centar,1,286000,1
107.4,Centar,2,220000,1
28.0,Monte Zaro,5,103750,1
66.0,Centar,3,175000,0
61.0,Šijana,1,140300,0
115.0,Štinjan,2,231750,0
168.0,Šijana,1,275000,0
47.53,Veruda,1,198000,0
51.0,Veruda,3,135000,0
48.0,Centar,1,144000,1
72.0,Centar,3,220000,1
45.0,Štinjan,1,115875,0
119.2,Centar,2,250000,1
124.0,Centar,0,145000,0
62.28,Veli vrh,1,161500,1
89.28,Centar,3,223000,1
76.86,Centar,3,269010,1
63.58,Veli vrh,1,165000,1
47.53,Veruda,1,197000,0
131.0,Centar,2,260000,0
45.08,Štinjan,1,117000,0
63.89,Centar,2,178900,0
101.18,Pragrande,2,252950,1
76.86,Centar,3,269000,1
51.3,Valdebek,1,141000,1
122.0,Centar,1,275000,0
108.6,Centar,2,371819,1
155.0,Centar,0,540000,0
54.0,Kaštanjer,1,137500,1
59.7,Centar,3,208950,1
75.0,Monte Magno,1,178000,1
56.0,Kaštanjer,1,120000,0
54.89,Veli vrh,2,142500,1
69.62,Monte Magno,0,298000,0
54.74,Valdebek,1,142000,1
130.21,Centar,4,457000,1
64.82,Centar,1,143000,0
96.99,Centar,4,242500,1
60.25,Veli vrh,2,156000,1
50.14,Valdebek,1,130000,1
72.12,Centar,1,160000,0
70.0,Valdebek,2,179900,0
93.15,Šijana,2,214762,1
55.0,Veruda,1,166900,0
82.58,Centar,0,220000,0
116.0,Centar,1,310000,0
103.27,Šijana,2,227550,1
54.57,Pragrande,1,141880,1
49.5,Sv. Polikarp / Sisplac,4,150000,0
69.12,Veruda,1,265000,1
54.77,Gregovica,2,175000,0
113.0,Centar,1,200000,0
120.0,Centar,1,208000,0
26.0,Šijana,5,77500,0
107.99,Valdebek,2,280000,1
144.0,Stoja,3,385000,0
53.16,Šijana,2,140000,0
51.2,Valdebek,0,132800,1
47.97,Monte Zaro,3,129000,0
80.0,Centar,3,220000,0
57.0,Veli vrh,1,141000,1
62.0,Centar,2,170000,0
75.82,Nova Veruda,2,426488,0
77.29,Šijana,1,245000,0
112.0,Valdebek,2,350000,0
45.62,Šijana,2,122000,0
97.43,Monte Zaro,0,243600,1
96.42,Centar,4,337440,0
55.35,Vidikovac,4,182655,1
74.21,Centar,1,220000,0
51.2,Valdebek,0,133000,1
62.0,Kaštanjer,0,167400,1
61.0,Centar,1,173292,1
56.71,Kaštanjer,1,120000,0
75.0,Centar,1,200000,0
66.0,Gregovica,0,184800,1
94.33,Centar,3,175000,0
50.0,Centar,1,283800,0
90.0,Centar,2,180000,0
62.25,Centar,2,174300,0
38.0,Veruda,1,115000,1
75.0,Centar,1,363500,1
48.53,Šijana,1,121500,0
70.13,Centar,3,210390,0
73.9,Nova Veruda,3,415687,0
62.0,Valdebek,2,170000,0
70.13,Centar,1,224416,1
108.11,Centar,4,270000,1
71.54,Centar,4,250390,1
102.65,Pragrande,1,256625,1
180.79,Centar,3,375000,0
62.0,Stoja,1,125000,0
70.58,Centar,2,220000,0
45.0,Centar,1,170000,0
59.7,Centar,4,208950,0
38.0,Kaštanjer,1,125000,0
109.55,Centar,4,274000,1
108.0,Veli vrh,3,255000,0
50.53,Centar,0,110000,0
62.48,Centar,3,133000,0
86.02,Centar,1,256500,1
59.43,Centar,1,208005,0
142.0,Centar,2,250000,0
69.0,Valdebek,0,298000,0
79.0,Veruda,3,149000,0
79.93,Centar,3,187000,0
103.49,Veruda,1,225000,0
53.0,Valdebek,1,138000,1
138.0,Veruda,1,165000,0
38.0,Kaštanjer,1,120000,0
90.89,Veruda,4,280000,0
127.92,Centar,4,320000,1
79.0,Centar,0,175000,0
45.0,Centar,3,170000,0
94.5,Sv. Polikarp / Sisplac,2,300000,0
174.45,Centar,0,250000,0
59.7,Centar,1,215000,0
117.21,Veli vrh,2,235000,1
96.42,Centar,1,337500,1
115.0,Centar,3,350000,0
110.0,Vidikovac,1,311000,0
59.0,Centar,1,188800,0
62.48,Centar,3,140000,0
50.53,Centar,0,114000,0
71.0,Monte Zaro,2,220000,0
69.2,Stoja,2,250000,0
109.0,Centar,2,370000,1
101.0,Veruda,0,296000,0
60.0,Vidikovac,1,165000,0
62.18,Šijana,0,148350,1
46.27,Šijana,1,119300,1
135.44,Centar,1,280000,0
70.06,Nova Veruda,3,195000,0
59.43,Centar,4,208000,1
73.5,Veli vrh,1,159000,0
123.05,Centar,2,283000,0
130.31,Centar,4,456085,0
166.02,Centar,4,415000,1
88.57,Centar,3,300000,0
76.86,Centar,3,277000,0
59.43,Centar,3,214000,0
64.0,Centar,1,140000,0
46.98,Centar,0,113000,1
48.0,Centar,2,135000,0
166.6,Centar,2,250000,0
59.7,Centar,1,208950,0
81.0,Centar,2,170000,0
50.89,Centar,0,158500,1
54.87,Šijana,2,137500,0
120.0,Centar,2,238000,1
85.0,Centar,2,145000,0
96.42,Centar,4,337470,1
91.0,Monte Magno,2,180000,0
100.0,Veruda,1,180000,0
102.0,Centar,2,250000,1
50.0,Štinjan,2,135000,0
70.69,Centar,1,158000,0
55.0,Centar,0,168000,1
54.67,Veruda,1,214000,1
104.47,Veruda,2,450000,1
130.31,Centar,3,456000,1
96.59,Veruda,0,228000,0
58.4,Centar,0,163500,1
54.41,Valdebek,1,142500,1
67.36,Monte Magno,0,198200,0
81.49,Šijana,0,187000,0
120.0,Šijana,1,260000,0
104.78,Centar,4,262000,1
110.0,Centar,1,375000,0
151.53,Centar,3,505000,1
70.21,Centar,2,176000,1
58.0,Valsaline,1,299000,0
188.9,Monte Magno,0,298000,0
62.1,Veli vrh,2,161000,1
58.96,Centar,3,206500,1
54.86,Valdebek,0,142000,1
91.0,Veruda,4,278000,0
45.0,Centar,2,176400,0
77.0,Šijana,1,194000,1
126.0,Kaštanjer,2,310000,0
130.31,Centar,1,456085,0
54.0,Centar,1,142948,1
60.25,Veli vrh,1,156000,1
96.42,Centar,1,337440,0
103.0,Valdebek,2,267800,1
83.74,Centar,1,350000,0
57.0,Centar,1,205000,0
120.0,Veli vrh,2,363000,0
50.73,Centar,3,177555,0
61.89,Centar,1,173300,0
107.61,Centar,2,270000,1
80.0,Centar,2,200500,0
117.21,Veli vrh,2,235000,1
62.0,Veruda,0,135000,0
82.0,Centar,1,299500,0
73.76,Stoja,1,192000,0
75.82,Nova Veruda,0,426487,0
127.96,Veli vrh,2,245000,0
58.0,Nova Veruda,4,203000,1
58.36,Veli vrh,2,151700,1
99.39,Šijana,2,231000,1
91.0,Veruda,4,279000,0
130.31,Centar,3,457000,1
73.0,Monvidal,1,175000,0
108.36,Centar,1,430000,1
103.49,Nova Veruda,1,225000,0
112.1,Valdebek,2,291000,1
50.0,Centar,3,200000,0
61.89,Centar,3,198000,1
80.0,Centar,0,128000,0
91.0,Veruda,4,280500,0
112.93,Centar,2,266500,0
79.15,Centar,0,197900,1
25.0,Veruda,6,78500,0
58.0,Centar,1,123000,0
86.02,Centar,1,280000,1
220.0,Monte Zaro,2,350000,0
69.0,Monte Magno,0,298000,0
70.86,Valdebek,0,217000,0
117.0,Veruda,3,365000,0
77.58,Centar,0,180000,0
59.7,Centar,3,208950,1
114.0,Kaštanjer,1,307800,1
145.0,Šijana,0,196500,0
51.59,Nova Veruda,0,290193,0
188.9,Monte Magno,0,298000,0
68.99,Monte Zaro,0,140000,0
50.73,Centar,3,178000,1
75.0,Veruda,5,155000,0
60.29,Veli vrh,2,156500,1
95.8,Šikići,2,192000,1
106.37,Centar,1,276000,0
55.07,Monte Magno,1,197000,0
55.0,Šijana,2,120000,0
58.96,Centar,4,213000,0
80.0,Valdebek,2,180000,0
64.0,Vidikovac,1,220000,0
15.68,Veli vrh,2,235000,1
58.41,Veli vrh,1,146000,1
54.98,Valdebek,1,142500,1
56.54,Veli vrh,2,141000,1
71.54,Centar,2,258000,0
66.0,Centar,3,175000,0
80.0,Centar,4,156000,0
110.13,Centar,2,380000,1
129.0,Centar,3,416000,0
105.0,Centar,1,358000,0
92.66,Šijana,2,217300,1
39.31,Centar,0,110000,0
107.99,Pragrande,2,269975,1
70.13,Centar,3,196400,1
59.43,Centar,1,208000,1
71.54,Centar,1,250390,0
92.0,Centar,2,200000,0
107.61,Centar,1,270000,1
59.43,Centar,3,208000,1
89.0,Šijana,2,159000,0
87.34,Centar,0,227000,0
60.0,Centar,1,199500,0
57.3,Centar,1,148900,1
140.0,Centar,1,450000,0
135.44,Centar,0,290000,0
71.23,Centar,2,221500,1
71.54,Centar,4,250500,1
61.88,Centar,1,166000,0
97.98,Centar,3,260000,0
105.0,Centar,2,255000,0
95.24,Veli vrh,2,209000,0
130.31,Centar,1,457000,1
89.28,Centar,1,223200,0
114.0,Kaštanjer,2,310000,1
50.49,Pragrande,1,132600,1
188.9,Monte Magno,0,298000,0
185.0,Centar,3,360000,0
103.0,Valdebek,2,267800,1
53.0,Centar,0,176000,1
85.04,Centar,2,218000,0
47.27,Šijana,1,121400,1
59.43,Centar,2,214000,0
130.31,Centar,4,456085,1
74.0,Štinjan,1,171500,1
60.3,Veli vrh,1,156500,1
97.0,Centar,3,270000,0
103.0,Centar,1,225000,0
112.0,Centar,2,260000,1
89.28,Centar,3,223000,1
59.43,Centar,4,208005,0
48.0,Centar,1,138000,0
79.77,Veruda,1,160000,0
49.51,Centar,1,187000,0
48.9,Valdebek,1,127000,1
100.0,Valdebek,2,260000,1
115.0,Centar,1,150000,0
105.22,Centar,1,327500,1
54.41,Valdebek,1,142500,1
93.46,Nova Veruda,1,225000,1
124.0,Centar,0,145000,0
108.6,Centar,2,372350,1
62.0,Veruda,1,165000,1
125.0,Monvidal,1,310000,1
81.0,Veruda,0,275000,0
56.0,Centar,1,290000,1
127.96,Veli vrh,2,241000,1
64.82,Centar,1,140000,0
57.79,Monte Zaro,1,206000,0
96.5,Centar,1,165000,0
80.0,Šijana,4,228000,0
58.96,Centar,2,206360,0
115.0,Veli vrh,2,236550,1
91.0,Veruda,4,281000,0
46.41,Šijana,1,121975,1
61.99,Centar,1,216965,0
49.0,Centar,3,129000,0
82.97,Šikići,1,183000,1
105.22,Centar,1,330000,1
59.0,Busoler,4,220000,1
89.0,Centar,2,280000,0
70.0,Stoja,1,258000,0
41.0,Centar,0,143000,0
70.58,Centar,2,225000,0
61.99,Centar,1,217000,1
64.0,Centar,1,137500,0
115.51,Valdebek,2,299000,1
59.0,Centar,0,130834,1
85.27,Centar,2,143000,0
74.0,Veruda,4,155500,0
60.29,Veli vrh,1,156500,1
105.22,Centar,1,324000,1
109.0,Centar,2,227000,0
48.53,Šijana,1,122425,1
59.27,Centar,3,150000,0
102.57,Veruda,1,296000,0
77.58,Centar,0,180000,0
110.75,Centar,2,233000,0
57.0,Centar,1,206000,0
73.0,Veruda,4,149000,0
108.0,Centar,2,275000,1
50.73,Centar,4,177555,0
92.66,Šijana,2,214760,1
505.0,Centar,2,350000,0
110.13,Centar,2,373000,1
78.0,Arsenal,0,175000,0
62.3,Valdebek,0,162000,1
71.99,Centar,1,180000,0
63.33,Centar,1,177500,1
146.0,Štinjan,2,380000,1
112.1,Valdebek,2,291000,1
77.18,Nova Veruda,2,170000,0
65.29,Šijana,2,145000,0
109.0,Centar,2,227000,0
69.41,Veli vrh,2,173000,1
62.0,Centar,3,174300,1
71.54,Centar,4,258000,0
124.0,Centar,2,289000,0
115.2,Valdebek,2,299000,1
103.7,Pragrande,1,259250,1
92.1,Centar,0,330000,0
70.13,Centar,3,224400,1
113.0,Centar,1,343153,1
112.0,Centar,1,189000,0
102.16,Nova Veruda,0,575000,0
138.8,Centar,4,347000,1
69.64,Stoja,1,250000,0
105.0,Centar,1,250000,0
69.0,Valdebek,1,173000,1
49.0,Centar,3,129000,0
89.28,Centar,1,223000,1
93.5,Stoja,0,210000,0
87.76,Centar,3,289000,0
80.0,Centar,3,230000,0
93.0,Centar,0,330000,0
66.0,Gregovica,0,165000,1
71.23,Centar,2,240000,1
59.43,Centar,2,208000,1
95.24,Veli vrh,2,215000,1
59.43,Centar,3,208000,1
65.29,Šijana,2,145000,0
54.18,Veruda,0,212000,1
59.7,Centar,4,208950,1
80.0,Šijana,0,189000,0
51.0,Centar,0,105000,0
63.0,Centar,2,201600,1
79.93,Centar,2,187000,0
60.0,Monte Magno,2,208000,0
101.0,Veruda,0,296000,0
44.0,Centar,2,176500,0
129.0,Centar,3,400000,0
97.45,Šijana,2,223500,0
71.4,Veli vrh,1,185000,1
73.9,Nova Veruda,2,415690,0
110.07,Vidikovac,0,415000,1
62.25,Centar,2,174300,1
58.0,Veruda,3,145000,1
55.0,Kaštanjer,1,137500,1
45.0,Centar,3,177000,0
85.0,Veruda,1,119500,0
110.25,Centar,1,343650,1
55.86,Vidikovac,2,189924,1
38.0,Štinjan,0,135000,0
54.89,Veli vrh,1,142500,1
110.25,Centar,1,343153,1
58.96,Centar,2,206400,1
48.0,Monte Zaro,3,129000,0
70.58,Centar,2,220000,0
59.05,Veli vrh,1,133000,1
61.73,Centar,1,185000,0
100.0,Sv. Polikarp / Sisplac,2,320000,1
55.86,Vidikovac,4,223440,1
74.73,Štinjan,0,199500,0
45.9,Valdebek,0,126800,1
138.0,Veruda,1,165000,0
72.0,Centar,3,145000,0
111.63,Veruda,0,296000,0
66.99,Centar,1,218700,1
41.35,Vidikovac,4,136455,1
54.83,Valdebek,1,142000,1
46.27,Šijana,1,118500,0
51.0,Veruda,3,103750,1
35.0,Centar,2,130000,0
142.0,Centar,0,250000,0
67.0,Centar,1,165000,0
55.0,Centar,0,135000,0
48.0,Centar,1,214500,1
81.49,Šijana,0,194000,0
131.0,Centar,3,405000,0
61.99,Centar,1,217000,1
59.96,Monte Magno,2,187000,0
50.73,Centar,4,178000,1
57.51,Centar,1,149500,1
61.99,Centar,1,204500,0
89.28,Centar,1,223700,1
71.57,Centar,1,179000,1
80.0,Šijana,4,223000,0
56.0,Stoja,4,148000,0
113.0,Centar,2,377000,1
338.0,Centar,2,900000,0
56.7,Kaštanjer,1,120000,0
65.0,Centar,2,230000,1
80.0,Šijana,4,228000,0
74.62,Centar,0,350000,0
71.54,Centar,2,250500,1
51.15,Nova Veruda,2,287720,0
203.0,Štinjan,0,246000,0
59.7,Centar,2,208950,1
96.42,Centar,1,337470,1
62.37,Pragrande,0,155925,1
64.0,Centar,3,170000,0
93.0,Vidikovac,1,185000,0
54.0,Valdebek,1,140000,1
72.44,Valdebek,0,181000,1
51.41,Nova Veruda,0,289181,0
74.0,Centar,1,220000,0
72.0,Šikići,1,138000,1
133.0,Veruda,2,220000,0
105.0,Valdebek,2,210000,1
57.84,Šijana,1,138000,1
110.0,Centar,0,364000,0
54.0,Kaštanjer,1,136000,1
110.0,Centar,0,350000,0
58.58,Centar,4,130000,0
89.25,Centar,2,280000,0
90.72,Centar,1,227000,0
93.0,Centar,0,280000,0
151.0,Centar,2,393000,1
90.0,Veruda,5,225000,0
54.0,Kaštanjer,2,143000,1
88.47,Centar,3,165000,0
70.21,Centar,1,175600,0
59.43,Centar,4,214000,0
98.7,Centar,1,171500,0
66.0,Vidikovac,4,135000,0
95.8,Valdebek,2,208800,1
100.6,Gregovica,2,221320,1
73.0,Centar,3,145500,0
110.37,Centar,2,275900,1
82.0,Stoja,0,258000,0
70.58,Centar,2,220000,0
71.0,Centar,1,299000,0
55.0,Veruda,0,164600,1
98.49,Šijana,1,225000,0
410.0,Centar,4,550000,0
66.08,Veli vrh,1,165200,1
120.0,Veli vrh,5,350000,1
58.96,Centar,2,206350,0
115.0,Centar,2,300326,1
129.36,Centar,4,323500,0
121.99,Centar,1,320000,0
57.0,Šijana,0,135000,0
61.99,Centar,1,223000,0
43.97,Centar,2,177000,0
64.82,Centar,1,140000,0
58.57,Monte Magno,2,156000,0
64.0,Veruda,1,225000,0
55.0,Šijana,1,121000,1
96.42,Centar,4,347000,0
171.76,Centar,0,260000,0
54.77,Gregovica,2,167000,0
115.0,Valdebek,2,250000,1
78.0,Centar,3,175000,0
160.0,Vidikovac,2,410000,1
66.99,Centar,1,223000,1
54.0,Monte Zaro,2,139000,0
110.0,Gregovica,2,275000,1
66.0,Šijana,1,143000,0
54.88,Valdebek,1,142500,1
50.73,Centar,3,177555,1
47.0,Šijana,1,120500,1
113.0,Veli vrh,0,320000,0
100.0,Vidikovac,1,343000,0
95.8,Valdebek,2,245000,1
100.0,Centar,0,250000,0
45.0,Centar,3,200000,1
122.0,Centar,1,355000,0
132.0,Centar,2,210000,0
60.65,Vidikovac,1,178000,1
43.54,Centar,2,75000,0
46.27,Šijana,1,118000,1
55.0,Centar,2,185000,1
74.21,Centar,1,220000,0
107.76,Štinjan,2,315000,0
89.62,Centar,1,260000,0
110.57,Centar,4,276500,1
61.89,Centar,1,198000,1
113.01,Centar,1,280000,0
150.0,Centar,3,525000,1
110.25,Centar,1,339000,1
63.0,Veruda,0,111000,0
53.5,Veruda,0,194300,1
96.0,Vidikovac,3,250000,0
49.0,Šikići,0,123000,1
62.0,Valdebek,0,161000,1
58.0,Monte Zaro,1,206000,0
75.82,Nova Veruda,3,426487,0
80.21,Centar,2,290000,0
64.0,Monte Magno,2,199500,1
130.31,Centar,1,456085,1
82.07,Centar,2,250000,0
43.97,Centar,2,176500,0
51.59,Nova Veruda,0,369600,1
130.31,Centar,3,456085,1
70.13,Centar,1,224416,0
61.89,Centar,2,198000,1
71.54,Centar,2,250390,1
111.0,Centar,2,207000,0
54.75,Valdebek,1,142000,1
144.0,Šijana,0,197200,0
85.0,Centar,0,150000,0
63.89,Centar,3,178900,1
71.0,Centar,2,221923,1
127.96,Veli vrh,2,241000,1
66.76,Centar,1,160000,0
112.0,Valdebek,2,350000,0
55.0,Kaštanjer,2,143000,1
70.0,Centar,3,145300,0
143.19,Kaštanjer,2,298000,0
108.6,Centar,2,373000,1
152.0,Centar,1,220000,0
70.0,Valdebek,2,179000,0
61.99,Centar,1,216965,0
86.0,Centar,1,293500,1
31.0,Vidikovac,6,105000,0
77.0,Veli vrh,1,215000,1
81.0,Centar,2,165000,0
95.0,Šijana,1,200000,0
55.0,Valdebek,1,143000,1
94.46,Kaštanjer,1,266000,0
192.0,Centar,0,470000,0
107.99,Valdebek,2,280000,1
50.73,Centar,3,183000,0
50.0,Centar,2,279800,1
100.0,Kaštanjer,2,143000,0
58.57,Monte Magno,2,180000,0
54.77,Gregovica,2,173500,0
54.69,Centar,1,155000,0
70.69,Centar,1,150000,0
63.41,Veli vrh,2,158525,1
65.33,Centar,2,183000,1
90.0,Centar,2,260000,0
89.0,Monte Zaro,1,195700,0
106.28,Centar,1,265700,1
81.0,Šijana,0,149500,0
80.53,Centar,0,135000,0
58.49,Valkane,1,301000,0
185.0,Centar,3,375000,0
70.69,Veli vrh,2,183000,1
96.42,Centar,4,337470,1
142.0,Arsenal,3,250000,0
103.0,Centar,1,225000,0
60.0,Šijana,1,137000,0
136.0,Centar,1,287000,0
93.0,Šijana,4,189000,0
70.92,Centar,3,145000,0
126.06,Šikići,2,270000,0
105.34,Centar,2,268600,0
89.82,Monte Zaro,1,247000,0
80.0,Monte Zaro,0,275000,0
63.2,Pragrande,0,158000,1
80.0,Centar,0,145000,0
47.15,Šijana,1,121975,1
125.0,Monte Zaro,2,218200,0
43.97,Centar,2,177000,0
97.45,Šijana,2,225137,1
58.96,Centar,2,209000,1
57.84,Šijana,1,139400,1
47.0,Veruda,1,199000,0
95.8,Valdebek,2,245000,1
103.0,Šijana,2,228000,1
70.33,Centar,1,176000,0
46.41,Šijana,1,120350,1
100.56,Centar,1,249000,0
130.31,Centar,3,456085,0
76.0,Valdebek,0,190000,0
62.0,Stoja,0,125000,0
100.0,Centar,3,330000,0
60.32,Veli vrh,2,156500,1
68.33,Monte Magno,1,280000,1
54.86,Valdebek,0,142000,1
112.9,Monte Magno,3,312000,0
98.49,Šijana,1,234000,0
114.22,Centar,2,297000,1
120.0,Centar,0,311500,0
54.75,Valdebek,1,142000,1
58.0,Valdebek,1,130000,1
62.52,Centar,0,156300,0
103.28,Šijana,2,227500,1
103.06,Šijana,2,227550,1
42.38,Vidikovac,0,135616,1
72.0,Centar,0,188350,1
58.96,Centar,4,206350,0
58.96,Centar,2,213000,0
62.0,Centar,1,180000,0
57.0,Valdebek,1,133000,1
100.0,Šijana,1,190000,0
118.0,Veli vrh,2,270000,1
46.27,Šijana,1,120975,1
53.16,Centar,2,145500,0
57.86,Vidikovac,4,202510,1
60.0,Stoja,4,156000,0
106.0,Centar,1,265700,1
54.96,Sv. Polikarp / Sisplac,3,192360,1
63.0,Centar,1,158950,1
62.15,Veli vrh,1,161000,1
105.0,Centar,1,260000,0
54.91,Veli vrh,1,143000,1
62.9,Pragrande,0,157250,1
124.0,Centar,3,115000,0
177.0,Stoja,2,495000,0
103.27,Šijana,2,229287,1
65.66,Centar,3,175000,0
54.0,Centar,1,142298,1
54.74,Valdebek,1,142000,1
61.88,Veruda,0,135000,0
65.0,Centar,1,137000,0
40.0,Verudela,2,150000,1
110.13,Centar,2,377600,1
77.68,Nova Veruda,0,166500,0
128.0,Veli vrh,2,248000,1
120.0,Centar,2,252000,1
74.62,Centar,0,350000,0
76.86,Centar,3,270000,1
58.0,Nova Veruda,1,179800,1
55.0,Stoja,4,150000,0
59.7,Centar,4,215000,0
56.0,Centar,1,157780,0
140.0,Centar,1,450000,0
103.0,Šijana,2,228600,1
52.0,Šijana,1,129200,0
62.0,Kaštanjer,0,168000,1
95.8,Šikići,2,192000,1
97.98,Centar,3,270000,0
73.0,Centar,1,411200,0
60.0,Stoja,4,155000,0
160.0,Vidikovac,1,255000,0
109.0,Šijana,1,130000,0
89.71,Šijana,2,185000,0
65.0,Kaštanjer,4,127500,0
96.25,Pragrande,0,240625,1
57.06,Centar,1,137000,1
57.4,Centar,1,143500,1
78.75,Veruda,3,149000,0
44.0,Centar,2,177000,0
83.0,Nova Veruda,0,258000,1
200.0,Štinjan,0,280000,0
52.0,Centar,1,165000,0
60.0,Centar,1,186000,0
89.28,Centar,2,223000,1
59.7,Centar,1,208950,1
55.0,Veruda,3,155000,1
54.0,Veruda,0,163500,0
71.54,Centar,2,250390,0
150.0,Veruda,0,285000,0
51.0,Centar,0,158395,1
90.0,Centar,2,280000,0
106.0,Centar,3,360000,0
122.0,Centar,2,255000,1
108.0,Valdebek,2,280000,1
75.0,Centar,1,350000,0
65.66,Centar,3,180000,0
54.73,Valdebek,1,142000,1
52.0,Štinjan,0,130000,0
109.0,Centar,2,371811,1
120.0,Gregovica,0,230000,0
105.0,Centar,1,247000,0
58.96,Centar,4,206500,1
78.75,Veruda,3,149000,0
110.0,Nova Veruda,2,281000,0
71.57,Centar,2,180000,0
118.0,Centar,1,207500,0
220.0,Monte Zaro,2,350000,0
35.0,Centar,1,92500,0
110.22,Pragrande,2,275550,1
94.84,Veli vrh,2,215000,1
106.28,Centar,1,265700,1
98.0,Centar,2,285000,0
59.7,Centar,4,209000,1
125.0,Veli vrh,2,289000,1
117.22,Sv. Polikarp / Sisplac,3,365000,0
48.39,Šijana,2,119350,0
62.0,Monvidal,2,167400,1
50.0,Šijana,1,95000,0
59.7,Centar,3,209000,1
140.0,Centar,1,450000,0
125.0,Centar,3,345000,0
66.99,Centar,1,208500,1
73.29,Veli vrh,1,212000,1
95.24,Veli vrh,2,216800,1
59.0,Kaštanjer,4,194000,1
109.0,Centar,2,265000,0
115.2,Valdebek,2,299000,1
62.23,Veli vrh,2,161500,1
81.5,Stoja,0,257500,0
55.0,Kaštanjer,0,168000,0
64.0,Centar,2,197924,0
54.0,Centar,1,142400,1
164.0,Centar,3,199000,0
111.0,Kaštanjer,2,380500,1
67.0,Centar,1,222500,1
59.0,Veli vrh,1,134600,1
65.66,Centar,3,175000,0
205.0,Centar,1,400000,0
100.2,Valdebek,2,260000,1
79.93,Monte Zaro,2,186800,0
90.0,Centar,1,249000,0
84.0,Kaštanjer,4,285000,0
110.0,Gregovica,1,250000,0
55.4,Vidikovac,2,182820,1
54.74,Pragrande,1,143000,1
111.0,Centar,2,175000,0
119.08,Štinjan,1,225000,0
100.56,Monte Zaro,1,249000,0
72.44,Valdebek,0,181000,1
61.89,Centar,3,198048,1
58.96,Centar,2,206360,0
48.39,Šijana,2,124025,1
71.23,Centar,2,243100,1
76.86,Centar,2,269000,1
61.99,Centar,1,216965,1
68.5,Veruda,0,210000,0
58.96,Centar,4,206360,1
57.0,Centar,0,168000,1
61.04,Pragrande,0,152600,1
61.89,Centar,1,198048,0
166.02,Centar,4,415100,1
51.59,Nova Veruda,3,354900,1
130.31,Centar,1,456085,0
52.92,Štinjan,0,130000,0
54.99,Valdebek,0,143000,1
50.73,Centar,3,177555,1
70.69,Centar,1,156000,0
118.0,Centar,2,330484,0
212.0,Štinjan,0,250000,0
106.28,Centar,1,265700,1
84.0,Centar,1,185000,0
44.0,Centar,2,177000,0
50.5,Centar,1,39500,1
53.0,Kaštanjer,4,183000,0
72.0,Veruda,2,185000,0
65.66,Centar,3,176000,0
30.94,Vidikovac,5,109000,0
51.0,Šijana,2,97000,0
56.1,Veruda,0,135000,0
91.13,Kaštanjer,5,166000,0
63.33,Centar,2,177400,1
74.0,Štinjan,0,185000,0
65.0,Kaštanjer,0,168000,0
117.22,Sv. Polikarp / Sisplac,3,365000,0
59.6,Centar,1,154900,0
103.0,Nova Veruda,1,225000,0
71.0,Šikići,0,219000,1
165.0,Štinjan,0,248500,0
52.88,Nova Veruda,0,162000,0
108.0,Centar,1,327489,1
57.0,Šijana,0,135000,0
95.0,Veli vrh,2,208000,1
101.76,Centar,1,259500,0
54.0,Kaštanjer,2,141500,1
108.0,Valdebek,2,249900,1
54.67,Šijana,0,131800,0
47.15,Šijana,1,121975,1
120.0,Veli vrh,2,365000,0
49.0,Kaštanjer,4,107000,1
90.0,Centar,2,260000,0
263.0,Nova Veruda,1,472000,0
54.0,Centar,1,142558,1
104.0,Veruda,1,160000,0
96.42,Centar,2,337470,1
84.0,Kaštanjer,0,230000,0
52.89,Šijana,1,125500,0
105.0,Centar,1,185000,0
80.0,Monte Zaro,0,180250,0
105.22,Centar,1,330000,1
60.0,Valdebek,0,156000,1
56.1,Sv. Polikarp / Sisplac,3,196350,1
96.0,Nova Veruda,0,220000,0
131.0,Centar,3,350000,0
115.0,Veli vrh,2,330000,1
90.0,Centar,2,280000,0
72.0,Centar,2,205000,0
64.0,Centar,0,145000,0
167.35,Centar,4,418500,1
54.75,Valdebek,1,142000,1
188.0,Monte Magno,0,298000,0
46.0,Šijana,1,122000,0
52.87,Valdebek,1,142500,1
294.0,Centar,0,750000,0
54.73,Valdebek,1,142000,1
130.31,Centar,2,456085,1
60.0,Centar,4,150000,0
61.89,Centar,1,173300,1
88.0,Centar,3,300000,0
100.0,Monte Zaro,3,95000,0
52.87,Valdebek,1,142500,1
50.0,Valdebek,1,130000,1
71.54,Centar,1,258000,0
70.0,Centar,0,155000,0
138.0,Centar,1,165000,0
134.0,Centar,1,285000,0
120.61,Centar,0,368000,0
135.0,Veruda,3,250000,0
101.09,Veruda,0,296000,0
61.89,Centar,3,173300,1
57.84,Valdebek,1,150000,1
100.0,Centar,2,135000,0
63.62,Kaštanjer,5,176500,1
60.0,Centar,1,149000,0
108.5,Škatari,0,192000,1
57.0,Valdebek,1,148000,1
54.88,Valdebek,1,142500,1
110.0,Vidikovac,1,309000,0
54.98,Valdebek,1,142500,1
54.91,Veli vrh,1,143000,1
51.59,Nova Veruda,0,290193,0
83.0,Centar,4,250000,0
54.83,Valdebek,1,142000,1
96.42,Centar,4,337440,0
59.16,Šijana,0,143000,0
55.02,Šijana,1,132500,0
62.79,Vidikovac,1,168000,1
60.83,Veli vrh,1,158000,1
106.28,Centar,1,265700,1
50.0,Šijana,0,104000,0
66.5,Gregovica,0,186000,1
73.16,Veli vrh,2,190000,1
110.25,Centar,1,343153,1
51.0,Centar,0,115000,0
55.0,Kaštanjer,0,132000,1
43.0,Monvidal,1,100000,1
38.0,Centar,1,120000,0
93.0,Nova Veruda,1,225000,0
60.0,Valsaline,1,299500,0
68.77,Centar,2,192500,0
110.25,Centar,1,345000,1
124.0,Veli vrh,1,242000,1
100.2,Valdebek,2,260000,1
68.77,Centar,2,192500,1
111.0,Centar,2,208000,0
54.99,Valdebek,0,143000,1
59.0,Centar,0,143000,1
88.0,Veruda,8,185000,0
56.0,Šijana,1,170000,1
293.96,Vidikovac,0,599000,0
122.0,Centar,1,360000,0
122.0,Centar,1,298000,1
58.96,Centar,2,206360,1
59.0,Šijana,0,142000,1
55.0,Veli vrh,0,137500,1
107.76,Štinjan,2,334000,1
140.0,Centar,1,280000,0
118.0,Šijana,2,210000,0
66.0,Centar,1,187000,0
78.0,Stoja,0,170000,0
105.22,Centar,1,327497,1
98.49,Šijana,1,185000,0
119.0,Centar,0,249900,1
71.0,Centar,2,220000,1
135.44,Centar,1,290500,0
74.0,Centar,1,220000,1
160.0,Monte Zaro,2,399000,1
89.82,Centar,1,185000,0
74.0,Centar,1,220000,0
79.13,Centar,2,196300,1
89.28,Centar,2,223200,1
66.99,Centar,1,203000,1
59.43,Centar,4,208005,0
115.0,Centar,2,299500,1
48.0,Monvidal,3,115000,1
214.0,Štinjan,0,247500,0
85.0,Veli vrh,1,181000,1
52.77,Centar,1,186000,0
76.0,Šijana,1,191600,1
53.76,Pragrande,1,134400,1
120.0,Veli vrh,2,345000,0
66.0,Centar,1,185400,0
125.0,Centar,1,395000,0
62.25,Centar,2,199200,1
71.54,Centar,1,250390,1
50.73,Centar,2,177555,1
112.0,Centar,2,291460,1
60.0,Stoja,4,156000,0
96.42,Centar,1,337440,0
125.0,Centar,1,395000,0
57.0,Centar,1,159348,0
130.31,Centar,1,469000,0
50.0,Šijana,1,94500,0
66.0,Centar,2,184800,0
203.0,Štinjan,0,246000,0
68.77,Centar,2,220000,1
48.39,Šijana,2,122425,1
105.22,Centar,1,323600,0
59.5,Monvidal,4,195000,1
93.15,Šijana,2,215500,0
62.37,Valdebek,0,162000,1
106.92,Centar,4,267300,1
70.91,Centar,0,120000,0
67.0,Veli vrh,1,174200,1
42.0,Centar,1,129500,0
77.29,Šijana,1,245000,0
294.0,Vidikovac,0,750000,0
76.86,Centar,1,269000,1
37.94,Centar,1,120000,0
59.43,Centar,4,208000,1
74.21,Centar,2,200000,0
67.0,Centar,1,209600,1
54.0,Stoja,4,139000,0
115.0,Centar,3,230000,0
145.0,Veruda,2,165000,0
135.0,Šijana,2,270000,0
124.0,Veli vrh,2,268000,0
64.82,Centar,1,140000,0
109.0,Šijana,1,140000,0
124.0,Centar,2,255000,1
54.0,Kaštanjer,0,132000,1
90.0,Centar,3,270000,0
76.82,Šijana,1,339900,0
50.53,Centar,0,115000,0
63.89,Centar,1,191670,0
60.24,Valdebek,0,156000,1
122.0,Centar,1,360000,0
54.07,Stoja,4,155000,1
96.99,Centar,4,242500,1
77.58,Arsenal,0,180000,0
50.14,Valdebek,1,142500,1
105.22,Centar,1,327500,1
45.0,Monvidal,3,119000,1
145.0,Veruda,2,165000,0
54.0,Centar,1,142688,1
61.77,Centar,0,104000,0
125.0,Monte Zaro,3,130000,0
60.0,Stoja,4,150000,0
57.67,Centar,1,115500,0
70.69,Centar,1,155000,0
80.0,Šijana,4,223000,0
80.21,Centar,2,290000,0
57.0,Šijana,1,138000,1
90.0,Centar,2,280000,0
55.0,Veruda,1,199700,1
82.58,Centar,0,160000,0
96.42,Centar,1,337470,1
48.3,Veli vrh,1,150500,1
71.54,Centar,4,250390,1
48.53,Šijana,1,126075,1
115.51,Valdebek,2,291000,1
108.6,Centar,2,368000,1
80.0,Centar,2,187000,0
130.31,Centar,3,456085,1
56.0,Centar,4,210000,1
103.0,Nova Veruda,1,225000,0
33.92,Centar,1,101760,1
61.88,Veruda,0,135000,0
59.19,Centar,1,154000,0
50.53,Centar,0,110000,0
73.4,Štinjan,2,220000,1
108.0,Kaštanjer,1,336500,1
60.41,Vidikovac,1,189000,1
124.95,Monte Zaro,3,113000,0
49.73,Centar,1,124400,1
45.62,Šijana,2,118300,1
90.0,Centar,1,200000,0
71.54,Centar,1,250390,0
67.39,Veli vrh,3,180000,1
59.43,Centar,2,208000,1
75.83,Veli vrh,1,197000,1
114.9,Centar,2,299000,0
53.0,Veruda,1,156000,1
107.76,Štinjan,2,313000,1
55.0,Centar,0,168000,1
53.16,Centar,2,145500,0
61.99,Centar,1,216965,1
47.57,Šijana,1,120000,0
115.0,Veli vrh,2,236000,1
135.0,Centar,1,280000,0
115.0,Centar,3,230000,0
60.24,Valdebek,0,156000,1
54.91,Veli vrh,1,137275,1
50.89,Centar,0,158395,1
51.59,Nova Veruda,0,290193,0
71.54,Centar,1,250500,1
72.0,Centar,3,229000,1
73.9,Nova Veruda,2,522700,1
62.0,Kaštanjer,0,167400,1
122.0,Valdebek,2,238000,0
110.13,Centar,2,372500,0
74.0,Centar,1,220000,0
59.16,Šijana,0,141500,1
68.77,Centar,3,220064,1
96.42,Centar,1,347000,0
108.0,Centar,2,196000,0
107.0,Centar,1,199000,0
71.54,Centar,4,250390,0
59.7,Centar,1,208950,1
166.0,Centar,2,250000,0
72.0,Veruda,2,210000,0
61.88,Centar,1,166000,0
130.31,Centar,3,456085,0
51.15,Nova Veruda,1,349100,1
71.0,Veli vrh,1,168500,0
59.7,Centar,3,215000,0
53.0,Šijana,2,122000,0
122.0,Centar,4,260000,0
59.0,Valdebek,3,177000,0
111.85,Centar,2,259000,1
41.35,Vidikovac,0,132320,1
99.39,Šijana,2,228250,1
39.0,Centar,0,110000,0
41.0,Veruda,0,124000,0
51.59,Nova Veruda,0,290193,0
130.31,Centar,4,456085,0
20.0,Monte Zaro,6,120000,0
51.59,Nova Veruda,3,290195,0
